{
    "best_model_name": "ANN",
    "metrics": {
        "RMSE": 0.008612881911247974,
        "MAE": 0.006291912868618965,
        "R\u00b2 Score": 0.9900416731834412
    }
}